{
    "$schema": "https://schema.management.azure.com/schemas/2015-01-01/deploymentParameters.json#",
    "contentVersion": "1.0.0.0",
    "parameters": {
        "IotHubs_iothub7181d4c0_connectionString": {
            "value": null
        },
        "IotHubs_iothub7181d4c0_containerName": {
            "value": null
        },
        "sites_iotfunc7181d4c0_name": {
            "value": null
        },
        "IotHubs_iothub7181d4c0_name": {
            "value": null
        },
        "serverfarms_WestEuropePlan_name": {
            "value": null
        },
        "components_iotfunc7181d4c0_name": {
            "value": null
        },
        "accounts_iotdls7181d4c0_name": {
            "value": null
        },
        "storageAccounts_iotstore7181d4c0_name": {
            "value": null
        },
        "accounts_iotdla7181d4c0_name": {
            "value": null
        },
        "streamingjobs_iotasa7181d4c0_name": {
            "value": null
        },
        "smartdetectoralertrules_failure_anomalies___iotfunc7181d4c0_name": {
            "value": null
        },
        "actiongroups_application_20insights_20smart_20detection_externalid": {
            "value": null
        }
    }
}