date,EventProcessedUtcTime,PartitionId,EventEnqueuedUtcTime,metadata_deviceType,metadata_studentId,metadata_uid,telemetry_temperature,telemetry_pressure,telemetry_humidity,telemetry_windSpeed,telemetry_windDirection,IoTHub_ConnectionDeviceId
2019-12-21T00:00:00.0000000,2019-12-21T18:09:44.1492153Z,1,2019-12-21T18:09:44.0500000Z,WeatherStation,7181D4C0,CF1B5D2BD36604E0,26.70000076,972.869873,46.09999847,16.19998932,335,CWF-MX-001
2019-12-21T00:00:00.0000000,2019-12-21T18:10:04.3153011Z,1,2019-12-21T18:10:04.2460000Z,WeatherStation,7181D4C0,10BAE02E27A1833A,26.79999924,972.9248047,45.90000153,16.19998932,335,CWF-MX-001
2019-12-21T00:00:00.0000000,2019-12-21T18:10:24.4889433Z,1,2019-12-21T18:10:24.4330000Z,WeatherStation,7181D4C0,E2B026955E8417A5,26.79999924,972.8996582,45.79999924,16.19998932,333,CWF-MX-001
2019-12-21T00:00:00.0000000,2019-12-21T18:10:44.6527770Z,1,2019-12-21T18:10:44.6190000Z,WeatherStation,7181D4C0,10BAE02E27A1833A,26.79999924,972.9299316,46,16.19998932,335,CWF-MX-001
2019-12-21T00:00:00.0000000,2019-12-21T18:11:04.9157612Z,1,2019-12-21T18:11:04.8220000Z,WeatherStation,7181D4C0,DB132709BAE1CF5C,26.89999962,972.8701172,46.20000076,22.60001373,334,CWF-MX-001
2019-12-21T00:00:00.0000000,2019-12-21T18:11:25.0901103Z,1,2019-12-21T18:11:24.9990000Z,WeatherStation,7181D4C0,DB132709BAE1CF5C,26.89999962,972.8959961,46,22.60001373,334,CWF-MX-001
2019-12-21T00:00:00.0000000,2019-12-21T18:11:35.2118515Z,1,2019-12-21T18:11:35.1390000Z,WeatherStation,7181D4C0,CEB5A8A27A366C81,26.79999924,972.8869629,45.90000153,22.60001373,333,CWF-MX-001
2019-12-21T00:00:00.0000000,2019-12-21T18:11:45.3526629Z,1,2019-12-21T18:11:45.2610000Z,WeatherStation,7181D4C0,CEB5A8A27A366C81,26.79999924,972.869873,46.09999847,22.60001373,333,CWF-MX-001
2019-12-21T00:00:00.0000000,2019-12-21T18:11:55.4956380Z,1,2019-12-21T18:11:55.3780000Z,WeatherStation,7181D4C0,BC084DEAFD2C86AF,26.89999962,972.8852539,46,22.60001373,333,CWF-MX-001
2019-12-21T00:00:00.0000000,2019-12-21T18:12:05.6277680Z,1,2019-12-21T18:12:05.5040000Z,WeatherStation,7181D4C0,DB132709BAE1CF5C,26.89999962,972.8723145,45.70000076,22.60001373,334,CWF-MX-001
2019-12-21T00:00:00.0000000,2019-12-21T18:12:15.6517746Z,1,2019-12-21T18:12:15.6420000Z,WeatherStation,7181D4C0,81BE2EC144AACFCE,26.89999962,972.8825684,45.79999924,22.60001373,331,CWF-MX-001
2019-12-21T00:00:00.0000000,2019-12-21T18:12:25.7906750Z,1,2019-12-21T18:12:25.7630000Z,WeatherStation,7181D4C0,00DC6F2349422718,26.89999962,972.8520508,45.70000076,22.60001373,337,CWF-MX-001
2019-12-21T00:00:00.0000000,2019-12-21T18:12:35.9267204Z,1,2019-12-21T18:12:35.8870000Z,WeatherStation,7181D4C0,AA04BE25E5220FA5,26.79999924,972.8945313,45.79999924,22.60001373,332,CWF-MX-001
2019-12-21T00:00:00.0000000,2019-12-21T18:12:46.0803052Z,1,2019-12-21T18:12:46.0040000Z,WeatherStation,7181D4C0,00DC6F2349422718,26.89999962,972.8911133,45.70000076,22.60001373,337,CWF-MX-001
2019-12-21T00:00:00.0000000,2019-12-21T18:12:56.2185179Z,1,2019-12-21T18:12:56.1250000Z,WeatherStation,7181D4C0,AA04BE25E5220FA5,26.79999924,972.8796387,45.79999924,22.60001373,332,CWF-MX-001
2019-12-21T00:00:00.0000000,2019-12-21T18:13:06.3518775Z,1,2019-12-21T18:13:06.2620000Z,WeatherStation,7181D4C0,B2C9DBD4CF428643,26.79999924,972.8674316,45.90000153,22.60001373,335,CWF-MX-001
2019-12-21T00:00:00.0000000,2019-12-21T18:13:16.5081524Z,1,2019-12-21T18:13:16.3770000Z,WeatherStation,7181D4C0,01B874E3CD3CAC2B,26.89999962,972.8823242,45.5,22.60001373,332,CWF-MX-001
2019-12-21T00:00:00.0000000,2019-12-21T18:13:26.5304663Z,1,2019-12-21T18:13:26.5050000Z,WeatherStation,7181D4C0,AA04BE25E5220FA5,26.79999924,972.8911133,45.79999924,22.60001373,332,CWF-MX-001
2019-12-21T00:00:00.0000000,2019-12-21T18:13:36.6758414Z,1,2019-12-21T18:13:36.6270000Z,WeatherStation,7181D4C0,AA04BE25E5220FA5,26.79999924,972.8410645,45.90000153,22.60001373,332,CWF-MX-001
2019-12-21T00:00:00.0000000,2019-12-21T18:13:46.8197297Z,1,2019-12-21T18:13:46.7550000Z,WeatherStation,7181D4C0,BF3AE43E489FF359,26.79999924,972.8840332,45.90000153,22.60001373,334,CWF-MX-001
2019-12-21T00:00:00.0000000,2019-12-21T18:13:56.9697651Z,1,2019-12-21T18:13:56.8810000Z,WeatherStation,7181D4C0,BF3AE43E489FF359,26.79999924,972.8283691,46,22.60001373,334,CWF-MX-001
2019-12-21T00:00:00.0000000,2019-12-21T18:14:07.1208899Z,1,2019-12-21T18:14:07.0130000Z,WeatherStation,7181D4C0,B2C9DBD4CF428643,26.79999924,972.8391113,45.90000153,22.60001373,335,CWF-MX-001
2019-12-21T00:00:00.0000000,2019-12-21T18:14:17.1604960Z,1,2019-12-21T18:14:17.1470000Z,WeatherStation,7181D4C0,458CD41C7E0C5D1D,26.79999924,972.8515625,45.59999847,22.60001373,336,CWF-MX-001
2019-12-21T00:00:00.0000000,2019-12-21T18:14:27.3164109Z,1,2019-12-21T18:14:27.2550000Z,WeatherStation,7181D4C0,D9E066B2AFBACEE4,26.70000076,972.8300781,45.79999924,22.60001373,334,CWF-MX-001
2019-12-21T00:00:00.0000000,2019-12-21T18:14:37.4628921Z,1,2019-12-21T18:14:37.3780000Z,WeatherStation,7181D4C0,EA7FC671C5B21BC7,26.79999924,972.847168,45.90000153,22.60001373,331,CWF-MX-001
2019-12-21T00:00:00.0000000,2019-12-21T18:14:47.6145729Z,1,2019-12-21T18:14:47.5160000Z,WeatherStation,7181D4C0,27DE935C73AC34B5,26.70000076,972.8623047,45.90000153,22.60001373,335,CWF-MX-001
2019-12-21T00:00:00.0000000,2019-12-21T18:14:57.8610089Z,1,2019-12-21T18:14:57.7400000Z,WeatherStation,7181D4C0,5EB921CA0719124A,26.79999924,972.8459473,45.90000153,22.60001373,338,CWF-MX-001
2019-12-21T00:00:00.0000000,2019-12-21T18:15:07.9036849Z,1,2019-12-21T18:15:07.8630000Z,WeatherStation,7181D4C0,AE2783D5CD59A0F4,26.79999924,972.8115234,45.90000153,22.60001373,337,CWF-MX-001
2019-12-21T00:00:00.0000000,2019-12-21T18:15:18.0518011Z,1,2019-12-21T18:15:17.9820000Z,WeatherStation,7181D4C0,B2C9DBD4CF428643,26.79999924,972.8186035,45.70000076,22.60001373,335,CWF-MX-001
2019-12-21T00:00:00.0000000,2019-12-21T18:15:28.2087295Z,1,2019-12-21T18:15:28.1080000Z,WeatherStation,7181D4C0,B2C9DBD4CF428643,26.79999924,972.8376465,46,22.60001373,335,CWF-MX-001
2019-12-21T00:00:00.0000000,2019-12-21T18:15:38.2537905Z,1,2019-12-21T18:15:38.2350000Z,WeatherStation,7181D4C0,42127E82AD80EBD6,26.79999924,972.8200684,47,24.60002136,337,CWF-MX-001
2019-12-21T00:00:00.0000000,2019-12-21T18:15:48.3986194Z,1,2019-12-21T18:15:48.3610000Z,WeatherStation,7181D4C0,4EB6B79F32033855,26.79999924,972.8220215,46.70000076,24.60002136,335,CWF-MX-001
2019-12-21T00:00:00.0000000,2019-12-21T18:15:58.5518706Z,1,2019-12-21T18:15:58.4850000Z,WeatherStation,7181D4C0,4EB6B79F32033855,26.79999924,972.7570801,46.29999924,24.60002136,335,CWF-MX-001
2019-12-21T00:00:00.0000000,2019-12-21T18:16:08.8151710Z,1,2019-12-21T18:16:08.7470000Z,WeatherStation,7181D4C0,AF017AEB0FF741F9,26.79999924,972.8081055,46,24.60002136,334,CWF-MX-001
2019-12-21T00:00:00.0000000,2019-12-21T18:16:19.0708793Z,1,2019-12-21T18:16:19.0460000Z,WeatherStation,7181D4C0,AF017AEB0FF741F9,26.79999924,972.7675781,45.79999924,24.60002136,334,CWF-MX-001
2019-12-21T00:00:00.0000000,2019-12-21T18:16:29.2120288Z,1,2019-12-21T18:16:29.1690000Z,WeatherStation,7181D4C0,42127E82AD80EBD6,26.79999924,972.8027344,45.90000153,24.60002136,337,CWF-MX-001
2019-12-21T00:00:00.0000000,2019-12-21T18:16:39.3615304Z,1,2019-12-21T18:16:39.2910000Z,WeatherStation,7181D4C0,42127E82AD80EBD6,26.79999924,972.7958984,45.79999924,24.60002136,337,CWF-MX-001
2019-12-21T00:00:00.0000000,2019-12-21T18:16:49.5191636Z,1,2019-12-21T18:16:49.4150000Z,WeatherStation,7181D4C0,AF017AEB0FF741F9,26.79999924,972.8071289,46,24.60002136,334,CWF-MX-001
2019-12-21T00:00:00.0000000,2019-12-21T18:16:59.5562054Z,1,2019-12-21T18:16:59.5360000Z,WeatherStation,7181D4C0,4EB6B79F32033855,26.79999924,972.7924805,45.79999924,24.60002136,335,CWF-MX-001
2019-12-21T00:00:00.0000000,2019-12-21T18:17:09.7015038Z,1,2019-12-21T18:17:09.6660000Z,WeatherStation,7181D4C0,4EB6B79F32033855,26.79999924,972.7653809,45.90000153,24.60002136,335,CWF-MX-001
2019-12-21T00:00:00.0000000,2019-12-21T18:17:19.8489869Z,1,2019-12-21T18:17:19.7840000Z,WeatherStation,7181D4C0,895F4AA2272DF69A,26.89999962,972.8071289,46.59999847,24.60002136,336,CWF-MX-001
2019-12-21T00:00:00.0000000,2019-12-21T18:17:29.9883993Z,1,2019-12-21T18:17:29.9070000Z,WeatherStation,7181D4C0,51AF725A19610780,26.89999962,972.7766113,46.40000153,24.60002136,337,CWF-MX-001
2019-12-21T00:00:00.0000000,2019-12-21T18:17:40.1380768Z,1,2019-12-21T18:17:40.0310000Z,WeatherStation,7181D4C0,0C9937350ED632C1,26.89999962,972.8325195,46.09999847,24.60002136,335,CWF-MX-001
2019-12-21T00:00:00.0000000,2019-12-21T18:17:50.2757111Z,1,2019-12-21T18:17:50.1590000Z,WeatherStation,7181D4C0,BE40482991AA35AE,26.89999962,972.810791,45.90000153,24.60002136,334,CWF-MX-001
2019-12-21T00:00:00.0000000,2019-12-21T18:18:00.4142084Z,1,2019-12-21T18:18:00.2780000Z,WeatherStation,7181D4C0,0C9937350ED632C1,26.89999962,972.8410645,46.09999847,24.60002136,335,CWF-MX-001
2019-12-21T00:00:00.0000000,2019-12-21T18:18:10.4440026Z,1,2019-12-21T18:18:10.4030000Z,WeatherStation,7181D4C0,4EB6B79F32033855,26.79999924,972.8371582,45.79999924,24.60002136,335,CWF-MX-001
2019-12-21T00:00:00.0000000,2019-12-21T18:18:20.5873507Z,1,2019-12-21T18:18:20.5330000Z,WeatherStation,7181D4C0,4EB6B79F32033855,26.79999924,972.7785645,46,24.60002136,335,CWF-MX-001
2019-12-21T00:00:00.0000000,2019-12-21T18:18:30.7225629Z,1,2019-12-21T18:18:30.6570000Z,WeatherStation,7181D4C0,0C9937350ED632C1,26.89999962,972.7861328,45.90000153,24.60002136,335,CWF-MX-001
2019-12-21T00:00:00.0000000,2019-12-21T18:18:40.8560594Z,1,2019-12-21T18:18:40.7870000Z,WeatherStation,7181D4C0,42127E82AD80EBD6,26.79999924,972.7766113,45.79999924,24.60002136,337,CWF-MX-001
2019-12-21T00:00:00.0000000,2019-12-21T18:18:50.9973748Z,1,2019-12-21T18:18:50.9060000Z,WeatherStation,7181D4C0,698937B6144E599B,26.89999962,972.7739258,45.70000076,24.60002136,333,CWF-MX-001
2019-12-21T00:00:00.0000000,2019-12-21T18:19:01.1369902Z,1,2019-12-21T18:19:01.0330000Z,WeatherStation,7181D4C0,4EB6B79F32033855,26.79999924,972.7844238,45.70000076,24.60002136,335,CWF-MX-001
2019-12-21T00:00:00.0000000,2019-12-21T18:19:11.1862447Z,1,2019-12-21T18:19:11.1630000Z,WeatherStation,7181D4C0,895F4AA2272DF69A,26.89999962,972.8034668,45.59999847,24.60002136,336,CWF-MX-001
2019-12-21T00:00:00.0000000,2019-12-21T18:19:21.3270572Z,1,2019-12-21T18:19:21.2860000Z,WeatherStation,7181D4C0,4E61CF0FB1B69709,26.79999924,972.8059082,45.59999847,24.60002136,324,CWF-MX-001
2019-12-21T00:00:00.0000000,2019-12-21T18:19:31.4693415Z,1,2019-12-21T18:19:31.4150000Z,WeatherStation,7181D4C0,7A5B75F974357504,26.79999924,972.7695313,45.59999847,24.60002136,322,CWF-MX-001
2019-12-21T00:00:00.0000000,2019-12-21T18:19:41.6058902Z,1,2019-12-21T18:19:41.5300000Z,WeatherStation,7181D4C0,7A5B75F974357504,26.79999924,972.8139648,45.5,24.60002136,322,CWF-MX-001
2019-12-21T00:00:00.0000000,2019-12-21T18:19:51.7547839Z,1,2019-12-21T18:19:51.6610000Z,WeatherStation,7181D4C0,2000E028EF904946,26.79999924,972.7875977,45.5,24.60002136,326,CWF-MX-001
2019-12-21T00:00:00.0000000,2019-12-21T18:20:01.9062327Z,1,2019-12-21T18:20:01.7800000Z,WeatherStation,7181D4C0,7A5B75F974357504,26.79999924,972.7438965,45.70000076,24.60002136,322,CWF-MX-001
2019-12-21T00:00:00.0000000,2019-12-21T18:20:11.9598779Z,1,2019-12-21T18:20:11.9160000Z,WeatherStation,7181D4C0,4E61CF0FB1B69709,26.79999924,972.7519531,45.5,24.60002136,324,CWF-MX-001
2019-12-21T00:00:00.0000000,2019-12-21T18:20:22.0966856Z,1,2019-12-21T18:20:22.0280000Z,WeatherStation,7181D4C0,2000E028EF904946,26.79999924,972.7871094,45.79999924,24.60002136,326,CWF-MX-001
2019-12-21T00:00:00.0000000,2019-12-21T18:20:32.2300353Z,1,2019-12-21T18:20:32.1530000Z,WeatherStation,7181D4C0,7526481E0127D2C1,26.79999924,972.8125,45.90000153,24.60002136,321,CWF-MX-001
2019-12-21T00:00:00.0000000,2019-12-21T18:20:42.3582168Z,1,2019-12-21T18:20:42.2830000Z,WeatherStation,7181D4C0,7526481E0127D2C1,26.79999924,972.7785645,45.79999924,24.60002136,321,CWF-MX-001
2019-12-21T00:00:00.0000000,2019-12-21T18:20:52.5023160Z,1,2019-12-21T18:20:52.4090000Z,WeatherStation,7181D4C0,373D0EDDFBEE1434,26.79999924,972.6975098,45.59999847,24.60002136,325,CWF-MX-001
2019-12-21T00:00:00.0000000,2019-12-21T18:21:02.6346411Z,1,2019-12-21T18:21:02.5340000Z,WeatherStation,7181D4C0,4E61CF0FB1B69709,26.79999924,972.7329102,45.90000153,24.60002136,324,CWF-MX-001
2019-12-21T00:00:00.0000000,2019-12-21T18:21:12.7723867Z,1,2019-12-21T18:21:12.6580000Z,WeatherStation,7181D4C0,4E61CF0FB1B69709,26.79999924,972.7265625,46.09999847,24.60002136,324,CWF-MX-001
2019-12-21T00:00:00.0000000,2019-12-21T18:21:22.8141641Z,1,2019-12-21T18:21:22.7810000Z,WeatherStation,7181D4C0,32740D76CC0B7A53,26.89999962,972.7172852,46.09999847,24.60002136,325,CWF-MX-001
2019-12-21T00:00:00.0000000,2019-12-21T18:21:32.9667691Z,1,2019-12-21T18:21:32.9040000Z,WeatherStation,7181D4C0,32740D76CC0B7A53,26.89999962,972.7561035,46.09999847,24.60002136,325,CWF-MX-001
2019-12-21T00:00:00.0000000,2019-12-21T18:21:43.1151585Z,1,2019-12-21T18:21:43.0350000Z,WeatherStation,7181D4C0,32740D76CC0B7A53,26.89999962,972.7744141,45.90000153,24.60002136,325,CWF-MX-001
2019-12-21T00:00:00.0000000,2019-12-21T18:21:53.2576875Z,1,2019-12-21T18:21:53.1600000Z,WeatherStation,7181D4C0,4E61CF0FB1B69709,26.79999924,972.7414551,45.70000076,24.60002136,324,CWF-MX-001
2019-12-21T00:00:00.0000000,2019-12-21T18:22:03.3892506Z,1,2019-12-21T18:22:03.2840000Z,WeatherStation,7181D4C0,6CBD622A52BE55E0,26.89999962,972.7250977,45.79999924,24.60002136,322,CWF-MX-001
2019-12-21T00:00:00.0000000,2019-12-21T18:22:13.5118349Z,1,2019-12-21T18:22:13.4180000Z,WeatherStation,7181D4C0,EB76C967E4ABF0DF,26.79999924,972.7502441,45.90000153,24.60002136,328,CWF-MX-001
2019-12-21T00:00:00.0000000,2019-12-21T18:22:23.6544348Z,1,2019-12-21T18:22:23.5470000Z,WeatherStation,7181D4C0,EC6AA249E795880C,26.89999962,972.763916,46.20000076,20.6000061,329,CWF-MX-001
2019-12-21T00:00:00.0000000,2019-12-21T18:22:33.6884531Z,1,2019-12-21T18:22:33.6620000Z,WeatherStation,7181D4C0,624C313D0B80DB9D,26.89999962,972.7226563,46.20000076,8.599996567,329,CWF-MX-001
2019-12-21T00:00:00.0000000,2019-12-21T18:22:43.8336144Z,1,2019-12-21T18:22:43.7830000Z,WeatherStation,7181D4C0,B35002542568094F,26.89999962,972.7468262,46,7.59999752,324,CWF-MX-001
2019-12-21T00:00:00.0000000,2019-12-21T18:23:14.1300187Z,1,2019-12-21T18:23:14.0550000Z,WeatherStation,7181D4C0,B3537CB22BBCC209,26.79999924,972.7160645,45.59999847,7.59999752,325,CWF-MX-001
2019-12-21T00:00:00.0000000,2019-12-21T18:23:44.3566875Z,1,2019-12-21T18:23:44.2890000Z,WeatherStation,7181D4C0,583853A5D8357AF7,26.89999962,972.7355957,45.79999924,7.59999752,323,CWF-MX-001
2019-12-21T00:00:00.0000000,2019-12-21T18:24:14.5801154Z,1,2019-12-21T18:24:14.5510000Z,WeatherStation,7181D4C0,5FF9B4569B32CDFF,27,972.7556152,46.5,10.59999466,327,CWF-MX-001
2019-12-21T00:00:00.0000000,2019-12-21T18:24:44.8277985Z,1,2019-12-21T18:24:44.7990000Z,WeatherStation,7181D4C0,090D22BE26C454F7,26.89999962,972.7409668,46,10.59999466,325,CWF-MX-001
2019-12-21T00:00:00.0000000,2019-12-21T18:25:15.1667616Z,1,2019-12-21T18:25:15.0570000Z,WeatherStation,7181D4C0,25A74B418B3BB1CD,26.89999962,972.7451172,46,10.59999466,326,CWF-MX-001
2019-12-21T00:00:00.0000000,2019-12-21T18:25:45.4241379Z,1,2019-12-21T18:25:45.3210000Z,WeatherStation,7181D4C0,090D22BE26C454F7,26.89999962,972.65625,46.29999924,10.59999466,325,CWF-MX-001
2019-12-21T00:00:00.0000000,2019-12-21T18:26:15.6370370Z,1,2019-12-21T18:26:15.5720000Z,WeatherStation,7181D4C0,B70300080360A6E2,26.89999962,972.6818848,45.79999924,10.59999466,327,CWF-MX-001
2019-12-21T00:00:00.0000000,2019-12-21T18:26:45.8753463Z,1,2019-12-21T18:26:45.8240000Z,WeatherStation,7181D4C0,090D22BE26C454F7,26.89999962,972.6416016,46.09999847,10.59999466,325,CWF-MX-001
2019-12-21T00:00:00.0000000,2019-12-21T18:27:16.1765320Z,1,2019-12-21T18:27:16.0810000Z,WeatherStation,7181D4C0,00F9F5B90DFFC80B,26.89999962,972.6843262,45.90000153,10.59999466,328,CWF-MX-001
2019-12-21T00:00:00.0000000,2019-12-21T18:27:46.3876618Z,1,2019-12-21T18:27:46.3340000Z,WeatherStation,7181D4C0,CBEDB5B6F35D2EF2,26.89999962,972.6335449,45.79999924,10.59999466,324,CWF-MX-001
2019-12-21T00:00:00.0000000,2019-12-21T18:28:16.6969942Z,1,2019-12-21T18:28:16.5910000Z,WeatherStation,7181D4C0,25A74B418B3BB1CD,26.89999962,972.6940918,46,10.59999466,326,CWF-MX-001
2019-12-21T00:00:00.0000000,2019-12-21T18:28:46.9542744Z,1,2019-12-21T18:28:46.8460000Z,WeatherStation,7181D4C0,25A74B418B3BB1CD,26.89999962,972.6967773,45.79999924,10.59999466,326,CWF-MX-001
2019-12-21T00:00:00.0000000,2019-12-21T18:29:17.1523316Z,1,2019-12-21T18:29:17.1010000Z,WeatherStation,7181D4C0,00F9F5B90DFFC80B,26.89999962,972.6535645,45.59999847,10.59999466,328,CWF-MX-001
2019-12-21T00:00:00.0000000,2019-12-21T18:29:47.4518629Z,1,2019-12-21T18:29:47.3670000Z,WeatherStation,7181D4C0,B70300080360A6E2,26.89999962,972.6801758,45.40000153,10.59999466,327,CWF-MX-001
2019-12-21T00:00:00.0000000,2019-12-21T18:30:17.7415126Z,1,2019-12-21T18:30:17.6160000Z,WeatherStation,7181D4C0,C8F487B6E398FECD,27,972.6398926,45.79999924,10.59999466,323,CWF-MX-001
2019-12-21T00:00:00.0000000,2019-12-21T18:30:47.9679953Z,1,2019-12-21T18:30:47.8690000Z,WeatherStation,7181D4C0,0B247210D790CDF0,27.10000038,972.6367188,47.20000076,18.19999695,324,CWF-MX-001
2019-12-21T00:00:00.0000000,2019-12-21T18:31:18.1642285Z,1,2019-12-21T18:31:18.1250000Z,WeatherStation,7181D4C0,8F97ABF16E470AB8,27,972.7189941,45.90000153,18.19999695,326,CWF-MX-001
2019-12-21T00:00:00.0000000,2019-12-21T18:31:38.4478862Z,1,2019-12-21T18:31:38.3210000Z,WeatherStation,7181D4C0,72F7EE148CAE39C7,26.89999962,972.7055664,45.59999847,18.19999695,327,CWF-MX-001
2019-12-21T00:00:00.0000000,2019-12-21T18:31:58.6198711Z,1,2019-12-21T18:31:58.5180000Z,WeatherStation,7181D4C0,8F97ABF16E470AB8,27,972.7189941,45.70000076,18.19999695,326,CWF-MX-001
2019-12-21T00:00:00.0000000,2019-12-21T18:32:21.6851965Z,1,2019-12-21T18:32:21.6160000Z,WeatherStation,7181D4C0,F982DCE22F7D6E95,27,972.7373047,45.59999847,17.59999466,328,CWF-MX-001
2019-12-21T00:00:00.0000000,2019-12-21T18:32:42.0583297Z,1,2019-12-21T18:32:42.0250000Z,WeatherStation,7181D4C0,7C21580F7B560B71,27,972.6882324,46.09999847,12.99999237,327,CWF-MX-001
2019-12-21T00:00:00.0000000,2019-12-21T18:33:02.2358007Z,1,2019-12-21T18:33:02.2080000Z,WeatherStation,7181D4C0,B572E0B4922FF2E3,27,972.6796875,45.79999924,12.99999237,326,CWF-MX-001
2019-12-21T00:00:00.0000000,2019-12-21T18:33:32.5666741Z,1,2019-12-21T18:33:32.4740000Z,WeatherStation,7181D4C0,445E35869BA546FE,26.89999962,972.666748,45.5,12.99999237,323,CWF-MX-001
2019-12-21T00:00:00.0000000,2019-12-21T18:34:02.7939563Z,1,2019-12-21T18:34:02.7360000Z,WeatherStation,7181D4C0,9298559AAC034786,26.89999962,972.6413574,45.59999847,12.99999237,327,CWF-MX-001
2019-12-21T00:00:00.0000000,2019-12-21T18:34:33.0189235Z,1,2019-12-21T18:34:32.9870000Z,WeatherStation,7181D4C0,192076C3C58FBAEE,27,972.5852051,45.5,12.99999237,325,CWF-MX-001
2019-12-21T00:00:00.0000000,2019-12-21T18:35:03.3388292Z,1,2019-12-21T18:35:03.2380000Z,WeatherStation,7181D4C0,227C17F27097FDC7,26.89999962,972.5812988,45.29999924,12.99999237,325,CWF-MX-001
2019-12-21T00:00:00.0000000,2019-12-21T18:35:33.5532633Z,1,2019-12-21T18:35:33.5050000Z,WeatherStation,7181D4C0,2FC79BDE3AF2BEE6,26.89999962,972.5754395,45.79999924,9.799995422,326,CWF-MX-001
2019-12-21T00:00:00.0000000,2019-12-21T18:36:03.8593279Z,1,2019-12-21T18:36:03.7620000Z,WeatherStation,7181D4C0,2FC79BDE3AF2BEE6,26.89999962,972.564209,45.79999924,9.799995422,326,CWF-MX-001
2019-12-21T00:00:00.0000000,2019-12-21T18:36:34.0705968Z,1,2019-12-21T18:36:34.0190000Z,WeatherStation,7181D4C0,CA80441380305AE8,26.70000076,972.578125,45.5,9.799995422,324,CWF-MX-001
2019-12-21T00:00:00.0000000,2019-12-21T18:37:04.3779477Z,1,2019-12-21T18:37:04.2650000Z,WeatherStation,7181D4C0,0784112B4B257632,26.79999924,972.5925293,45.59999847,9.799995422,324,CWF-MX-001
2019-12-21T00:00:00.0000000,2019-12-21T18:37:34.5716483Z,1,2019-12-21T18:37:34.5160000Z,WeatherStation,7181D4C0,E18F236A848B0BFE,26.79999924,972.5725098,45.5,9.799995422,327,CWF-MX-001
2019-12-21T00:00:00.0000000,2019-12-21T18:38:04.8725741Z,1,2019-12-21T18:38:04.7740000Z,WeatherStation,7181D4C0,F62390F877E03087,26.70000076,972.5861816,45.59999847,9.799995422,328,CWF-MX-001
2019-12-21T00:00:00.0000000,2019-12-21T18:38:35.0896283Z,1,2019-12-21T18:38:35.0340000Z,WeatherStation,7181D4C0,CA80441380305AE8,26.70000076,972.6052246,45.59999847,9.799995422,324,CWF-MX-001
2019-12-21T00:00:00.0000000,2019-12-21T18:39:05.3234703Z,1,2019-12-21T18:39:05.2890000Z,WeatherStation,7181D4C0,0366A463F4B4817E,26.70000076,972.6396484,45.70000076,9.799995422,326,CWF-MX-001
2019-12-21T00:00:00.0000000,2019-12-21T18:39:35.6488718Z,1,2019-12-21T18:39:35.5490000Z,WeatherStation,7181D4C0,0366A463F4B4817E,26.70000076,972.5976563,45.79999924,9.799995422,326,CWF-MX-001
2019-12-21T00:00:00.0000000,2019-12-21T18:40:05.8800806Z,1,2019-12-21T18:40:05.8000000Z,WeatherStation,7181D4C0,832803192D30BFB5,26.79999924,972.534668,45.5,9.799995422,326,CWF-MX-001
2019-12-21T00:00:00.0000000,2019-12-21T18:40:36.1096465Z,1,2019-12-21T18:40:36.0470000Z,WeatherStation,7181D4C0,832803192D30BFB5,26.79999924,972.5939941,45.59999847,9.799995422,326,CWF-MX-001
2019-12-21T00:00:00.0000000,2019-12-21T18:41:06.4177586Z,1,2019-12-21T18:41:06.3090000Z,WeatherStation,7181D4C0,CA80441380305AE8,26.70000076,972.5432129,45.59999847,9.799995422,324,CWF-MX-001
2019-12-21T00:00:00.0000000,2019-12-21T18:41:36.6641280Z,1,2019-12-21T18:41:36.5520000Z,WeatherStation,7181D4C0,0366A463F4B4817E,26.70000076,972.5112305,45.59999847,9.799995422,326,CWF-MX-001
2019-12-21T00:00:00.0000000,2019-12-21T18:42:06.9057561Z,1,2019-12-21T18:42:06.8080000Z,WeatherStation,7181D4C0,F62390F877E03087,26.70000076,972.5456543,45.20000076,9.799995422,328,CWF-MX-001
2019-12-21T00:00:00.0000000,2019-12-21T18:42:37.1483744Z,1,2019-12-21T18:42:37.0720000Z,WeatherStation,7181D4C0,B335D54510A0706E,26.89999962,972.5048828,46.29999924,15.19999027,322,CWF-MX-001
2019-12-21T00:00:00.0000000,2019-12-21T18:43:07.3708679Z,1,2019-12-21T18:43:07.3270000Z,WeatherStation,7181D4C0,80F32D6CBC9EF74E,26.79999924,972.4963379,45.59999847,15.19999027,320,CWF-MX-001
2019-12-21T00:00:00.0000000,2019-12-21T18:43:27.5457752Z,1,2019-12-21T18:43:27.5230000Z,WeatherStation,7181D4C0,80F32D6CBC9EF74E,26.79999924,972.4604492,45.59999847,15.19999027,320,CWF-MX-001
2019-12-21T00:00:00.0000000,2019-12-21T18:43:47.7319392Z,1,2019-12-21T18:43:47.7060000Z,WeatherStation,7181D4C0,A04403A981F56AAC,26.70000076,972.5053711,45.40000153,15.19999027,323,CWF-MX-001
2019-12-21T00:00:00.0000000,2019-12-21T18:44:08.0185473Z,1,2019-12-21T18:44:07.8960000Z,WeatherStation,7181D4C0,C38283129D738B14,26.70000076,972.4562988,45.5,15.19999027,321,CWF-MX-001
2019-12-21T00:00:00.0000000,2019-12-21T18:44:28.1928567Z,1,2019-12-21T18:44:28.0940000Z,WeatherStation,7181D4C0,21B46DB6CF32CE00,26.79999924,972.4938965,45.29999924,15.19999027,321,CWF-MX-001
2019-12-21T00:00:00.0000000,2019-12-21T18:44:48.3960132Z,1,2019-12-21T18:44:48.2870000Z,WeatherStation,7181D4C0,A04403A981F56AAC,26.70000076,972.4523926,45.79999924,15.19999027,323,CWF-MX-001
2019-12-21T00:00:00.0000000,2019-12-21T18:45:08.5848833Z,1,2019-12-21T18:45:08.4650000Z,WeatherStation,7181D4C0,C38283129D738B14,26.70000076,972.4550781,45.59999847,15.19999027,321,CWF-MX-001
2019-12-21T00:00:00.0000000,2019-12-21T18:45:28.7642875Z,1,2019-12-21T18:45:28.6700000Z,WeatherStation,7181D4C0,62C32831D46C506E,26.89999962,972.4907227,50,24.80002213,320,CWF-MX-001
2019-12-21T00:00:00.0000000,2019-12-21T18:45:48.9572599Z,1,2019-12-21T18:45:48.8600000Z,WeatherStation,7181D4C0,BC169E8AF241A677,26.89999962,972.4736328,47.09999847,20.6000061,319,CWF-MX-001
2019-12-21T00:00:00.0000000,2019-12-21T18:45:59.0062476Z,1,2019-12-21T18:45:58.9820000Z,WeatherStation,7181D4C0,7EE7A0F83E55BE77,26.89999962,972.4885254,46.70000076,20.6000061,320,CWF-MX-001
2019-12-21T00:00:00.0000000,2019-12-21T18:46:09.1359046Z,1,2019-12-21T18:46:09.1000000Z,WeatherStation,7181D4C0,BC169E8AF241A677,26.89999962,972.4892578,46.09999847,20.6000061,319,CWF-MX-001
2019-12-21T00:00:00.0000000,2019-12-21T18:46:19.2914270Z,1,2019-12-21T18:46:19.2390000Z,WeatherStation,7181D4C0,15AE4E6C4B7B1629,27,972.4909668,45.79999924,20.6000061,320,CWF-MX-001
2019-12-21T00:00:00.0000000,2019-12-21T18:46:29.4236321Z,1,2019-12-21T18:46:29.3590000Z,WeatherStation,7181D4C0,9A3E6BC4A07543B8,27,972.5227051,45.90000153,20.6000061,321,CWF-MX-001
2019-12-21T00:00:00.0000000,2019-12-21T18:46:39.5716270Z,1,2019-12-21T18:46:39.4860000Z,WeatherStation,7181D4C0,0130447C3699C982,27,972.5700684,45.5,20.6000061,322,CWF-MX-001
2019-12-21T00:00:00.0000000,2019-12-21T18:46:49.7225458Z,1,2019-12-21T18:46:49.6010000Z,WeatherStation,7181D4C0,7EE7A0F83E55BE77,26.89999962,972.4150391,45.70000076,20.6000061,320,CWF-MX-001
2019-12-21T00:00:00.0000000,2019-12-21T18:46:59.7755352Z,1,2019-12-21T18:46:59.7300000Z,WeatherStation,7181D4C0,15AE4E6C4B7B1629,27,972.3747559,45.79999924,20.6000061,320,CWF-MX-001
2019-12-21T00:00:00.0000000,2019-12-21T18:47:09.9182560Z,1,2019-12-21T18:47:09.8570000Z,WeatherStation,7181D4C0,C788EC94EF276860,27,972.4331055,45.5,20.6000061,317,CWF-MX-001
2019-12-21T00:00:00.0000000,2019-12-21T18:47:20.0612314Z,1,2019-12-21T18:47:19.9730000Z,WeatherStation,7181D4C0,BC169E8AF241A677,26.89999962,972.4567871,45.5,20.6000061,319,CWF-MX-001
2019-12-21T00:00:00.0000000,2019-12-21T18:47:30.1160181Z,1,2019-12-21T18:47:30.0960000Z,WeatherStation,7181D4C0,313C9DD621B75A0E,26.89999962,972.4382324,45.70000076,20.6000061,321,CWF-MX-001
2019-12-21T00:00:00.0000000,2019-12-21T18:47:40.2623820Z,1,2019-12-21T18:47:40.2330000Z,WeatherStation,7181D4C0,D9CEE53FC250F127,26.89999962,972.4289551,46,20.6000061,318,CWF-MX-001
2019-12-21T00:00:00.0000000,2019-12-21T18:47:50.4690090Z,1,2019-12-21T18:47:50.3440000Z,WeatherStation,7181D4C0,7EE7A0F83E55BE77,26.89999962,972.4187012,45.59999847,20.6000061,320,CWF-MX-001
2019-12-21T00:00:00.0000000,2019-12-21T18:48:00.5111303Z,1,2019-12-21T18:48:00.4670000Z,WeatherStation,7181D4C0,F27E6499C935D4F4,26.79999924,972.4064941,45.29999924,20.6000061,319,CWF-MX-001
2019-12-21T00:00:00.0000000,2019-12-21T18:48:10.6463618Z,1,2019-12-21T18:48:10.5950000Z,WeatherStation,7181D4C0,7EE7A0F83E55BE77,26.89999962,972.4223633,45.79999924,20.6000061,320,CWF-MX-001
2019-12-21T00:00:00.0000000,2019-12-21T18:48:20.7743617Z,1,2019-12-21T18:48:20.7300000Z,WeatherStation,7181D4C0,F27E6499C935D4F4,26.79999924,972.4233398,45.40000153,20.6000061,319,CWF-MX-001
2019-12-21T00:00:00.0000000,2019-12-21T18:48:30.9377193Z,1,2019-12-21T18:48:30.8440000Z,WeatherStation,7181D4C0,859884000256EF1A,26.79999924,972.3972168,45.40000153,20.6000061,320,CWF-MX-001
2019-12-21T00:00:00.0000000,2019-12-21T18:48:41.0718734Z,1,2019-12-21T18:48:40.9730000Z,WeatherStation,7181D4C0,BC169E8AF241A677,26.89999962,972.4204102,45.5,20.6000061,319,CWF-MX-001
2019-12-21T00:00:00.0000000,2019-12-21T18:48:51.2039026Z,1,2019-12-21T18:48:51.1060000Z,WeatherStation,7181D4C0,7EE7A0F83E55BE77,26.89999962,972.395752,45.20000076,20.6000061,320,CWF-MX-001
2019-12-21T00:00:00.0000000,2019-12-21T18:49:01.3184958Z,1,2019-12-21T18:49:01.2300000Z,WeatherStation,7181D4C0,7EE7A0F83E55BE77,26.89999962,972.4128418,45.29999924,20.6000061,320,CWF-MX-001
2019-12-21T00:00:00.0000000,2019-12-21T18:49:11.4562785Z,1,2019-12-21T18:49:11.3460000Z,WeatherStation,7181D4C0,D9CEE53FC250F127,26.89999962,972.3464355,45.40000153,20.6000061,318,CWF-MX-001
2019-12-21T00:00:00.0000000,2019-12-21T18:49:21.5923092Z,1,2019-12-21T18:49:21.4770000Z,WeatherStation,7181D4C0,7EE7A0F83E55BE77,26.89999962,972.3508301,45.5,20.6000061,320,CWF-MX-001
2019-12-21T00:00:00.0000000,2019-12-21T18:49:31.7251580Z,1,2019-12-21T18:49:31.6070000Z,WeatherStation,7181D4C0,0DF8AAEA0EF1489E,26.89999962,972.3808594,45.40000153,20.6000061,317,CWF-MX-001
2019-12-21T00:00:00.0000000,2019-12-21T18:49:41.7558727Z,1,2019-12-21T18:49:41.7170000Z,WeatherStation,7181D4C0,D9CEE53FC250F127,26.89999962,972.340332,45.29999924,20.6000061,318,CWF-MX-001
2019-12-21T00:00:00.0000000,2019-12-21T18:49:51.9023196Z,1,2019-12-21T18:49:51.8410000Z,WeatherStation,7181D4C0,BC169E8AF241A677,26.89999962,972.3808594,45.29999924,20.6000061,319,CWF-MX-001
2019-12-21T00:00:00.0000000,2019-12-21T18:50:02.0012701Z,1,2019-12-21T18:50:01.9750000Z,WeatherStation,7181D4C0,BC169E8AF241A677,26.89999962,972.3623047,45.40000153,20.6000061,319,CWF-MX-001
2019-12-21T00:00:00.0000000,2019-12-21T18:50:12.1307371Z,1,2019-12-21T18:50:12.0950000Z,WeatherStation,7181D4C0,67224A788F2CF63B,26.79999924,972.3676758,45.40000153,20.6000061,322,CWF-MX-001
2019-12-21T00:00:00.0000000,2019-12-21T18:50:22.2630512Z,1,2019-12-21T18:50:22.2240000Z,WeatherStation,7181D4C0,859884000256EF1A,26.79999924,972.3435059,45.20000076,20.6000061,320,CWF-MX-001
2019-12-21T00:00:00.0000000,2019-12-21T18:50:32.4019850Z,1,2019-12-21T18:50:32.3410000Z,WeatherStation,7181D4C0,324967F3EE0B72E8,26.79999924,972.3664551,45.20000076,20.6000061,321,CWF-MX-001
2019-12-21T00:00:00.0000000,2019-12-21T18:50:42.5417569Z,1,2019-12-21T18:50:42.4780000Z,WeatherStation,7181D4C0,F27E6499C935D4F4,26.79999924,972.3886719,45.40000153,20.6000061,319,CWF-MX-001
2019-12-21T00:00:00.0000000,2019-12-21T18:50:52.6909074Z,1,2019-12-21T18:50:52.5930000Z,WeatherStation,7181D4C0,324967F3EE0B72E8,26.79999924,972.3781738,45.40000153,20.6000061,321,CWF-MX-001
2019-12-21T00:00:00.0000000,2019-12-21T18:51:02.8251060Z,1,2019-12-21T18:51:02.7120000Z,WeatherStation,7181D4C0,2EB123A2503BFF7B,26.79999924,972.3618164,45.40000153,20.6000061,317,CWF-MX-001
2019-12-21T00:00:00.0000000,2019-12-21T18:51:13.3751443Z,1,2019-12-21T18:51:13.2620000Z,WeatherStation,7181D4C0,7EE7A0F83E55BE77,26.89999962,972.2719727,45.20000076,20.6000061,320,CWF-MX-001
2019-12-21T00:00:00.0000000,2019-12-21T18:51:23.4182236Z,1,2019-12-21T18:51:23.3770000Z,WeatherStation,7181D4C0,BC169E8AF241A677,26.89999962,972.3752441,45.5,20.6000061,319,CWF-MX-001
2019-12-21T00:00:00.0000000,2019-12-21T18:51:33.5572208Z,1,2019-12-21T18:51:33.5070000Z,WeatherStation,7181D4C0,859884000256EF1A,26.79999924,972.3825684,45.29999924,20.6000061,320,CWF-MX-001
2019-12-21T00:00:00.0000000,2019-12-21T18:51:43.7002976Z,1,2019-12-21T18:51:43.6290000Z,WeatherStation,7181D4C0,BAD3B858FAF2A34B,26.70000076,972.3391113,45.40000153,20.6000061,321,CWF-MX-001
2019-12-21T00:00:00.0000000,2019-12-21T18:51:53.8475689Z,1,2019-12-21T18:51:53.7600000Z,WeatherStation,7181D4C0,67224A788F2CF63B,26.79999924,972.3820801,45.79999924,20.6000061,322,CWF-MX-001
2019-12-21T00:00:00.0000000,2019-12-21T18:52:03.9974363Z,1,2019-12-21T18:52:03.8760000Z,WeatherStation,7181D4C0,F27E6499C935D4F4,26.79999924,972.3586426,45.70000076,20.6000061,319,CWF-MX-001
2019-12-21T00:00:00.0000000,2019-12-21T18:52:14.0370417Z,1,2019-12-21T18:52:13.9980000Z,WeatherStation,7181D4C0,0DF8AAEA0EF1489E,26.89999962,972.3459473,45.29999924,20.6000061,317,CWF-MX-001
2019-12-21T00:00:00.0000000,2019-12-21T18:52:24.1799890Z,1,2019-12-21T18:52:24.1250000Z,WeatherStation,7181D4C0,859884000256EF1A,26.79999924,972.3103027,45.59999847,20.6000061,320,CWF-MX-001
2019-12-21T00:00:00.0000000,2019-12-21T18:52:34.3308285Z,1,2019-12-21T18:52:34.2510000Z,WeatherStation,7181D4C0,BC169E8AF241A677,26.89999962,972.3686523,45.90000153,20.6000061,319,CWF-MX-001
2019-12-21T00:00:00.0000000,2019-12-21T18:52:44.4714748Z,1,2019-12-21T18:52:44.3780000Z,WeatherStation,7181D4C0,0DF8AAEA0EF1489E,26.89999962,972.2919922,45.40000153,20.6000061,317,CWF-MX-001
2019-12-21T00:00:00.0000000,2019-12-21T18:52:54.6075386Z,1,2019-12-21T18:52:54.5100000Z,WeatherStation,7181D4C0,1E9E1433AFDF238C,26.89999962,972.3044434,45.40000153,18.39999771,321,CWF-MX-001
2019-12-21T00:00:00.0000000,2019-12-21T18:53:04.6557925Z,1,2019-12-21T18:53:04.6280000Z,WeatherStation,7181D4C0,79D58E0B534ACA31,27,972.329834,45.5,5.399999619,324,CWF-MX-001
2019-12-21T00:00:00.0000000,2019-12-21T18:53:24.9410681Z,1,2019-12-21T18:53:24.8120000Z,WeatherStation,7181D4C0,1C310A7D7C9B273A,27,972.3344727,45.40000153,4.600000381,317,CWF-MX-001
2019-12-21T00:00:00.0000000,2019-12-21T18:53:55.1826096Z,1,2019-12-21T18:53:55.0850000Z,WeatherStation,7181D4C0,6BE1E4548FF37396,27,972.2998047,45.29999924,4.600000381,319,CWF-MX-001
2019-12-21T00:00:00.0000000,2019-12-21T18:54:25.3808096Z,1,2019-12-21T18:54:25.3520000Z,WeatherStation,7181D4C0,C9A737B1621475BC,27,972.2885742,45.20000076,4.600000381,315,CWF-MX-001
2019-12-21T00:00:00.0000000,2019-12-21T18:54:55.7022706Z,1,2019-12-21T18:54:55.5790000Z,WeatherStation,7181D4C0,9CE25AD2A9679FE0,27,972.2836914,45.09999847,4.600000381,318,CWF-MX-001
2019-12-21T00:00:00.0000000,2019-12-21T18:55:25.9373851Z,1,2019-12-21T18:55:25.8580000Z,WeatherStation,7181D4C0,C9A737B1621475BC,27,972.2717285,44.90000153,4.600000381,315,CWF-MX-001
2019-12-21T00:00:00.0000000,2019-12-21T18:55:56.1440905Z,1,2019-12-21T18:55:56.0900000Z,WeatherStation,7181D4C0,1C310A7D7C9B273A,27,972.3249512,45.20000076,4.600000381,317,CWF-MX-001
2019-12-21T00:00:00.0000000,2019-12-21T18:56:26.4489189Z,1,2019-12-21T18:56:26.3450000Z,WeatherStation,7181D4C0,9CE25AD2A9679FE0,27,972.2333984,44.90000153,4.600000381,318,CWF-MX-001
2019-12-21T00:00:00.0000000,2019-12-21T18:56:56.6415214Z,1,2019-12-21T18:56:56.6080000Z,WeatherStation,7181D4C0,9CE25AD2A9679FE0,27,972.2070313,45.5,4.600000381,318,CWF-MX-001
2019-12-21T00:00:00.0000000,2019-12-21T18:57:26.9357520Z,1,2019-12-21T18:57:26.8630000Z,WeatherStation,7181D4C0,6808C366956E54A8,26.89999962,972.2421875,45.5,4.600000381,316,CWF-MX-001
2019-12-21T00:00:00.0000000,2019-12-21T18:57:57.2029099Z,1,2019-12-21T18:57:57.1130000Z,WeatherStation,7181D4C0,6BE1E4548FF37396,27,972.1748047,45.29999924,4.600000381,319,CWF-MX-001
2019-12-21T00:00:00.0000000,2019-12-21T18:58:27.4193089Z,1,2019-12-21T18:58:27.4000000Z,WeatherStation,7181D4C0,3158A70783F5A0D4,26.89999962,972.2194824,45.29999924,4.600000381,317,CWF-MX-001
2019-12-21T00:00:00.0000000,2019-12-21T18:58:57.7079777Z,1,2019-12-21T18:58:57.6260000Z,WeatherStation,7181D4C0,3158A70783F5A0D4,26.89999962,972.2463379,45,4.600000381,317,CWF-MX-001
2019-12-21T00:00:00.0000000,2019-12-21T18:59:28.0083171Z,1,2019-12-21T18:59:27.9310000Z,WeatherStation,7181D4C0,CD6B387F6802F881,26.89999962,972.1826172,45,4.600000381,315,CWF-MX-001
2019-12-21T00:00:00.0000000,2019-12-21T18:59:58.1653014Z,1,2019-12-21T18:59:58.1300000Z,WeatherStation,7181D4C0,5A7447D9348272FB,26.89999962,972.1931152,45.09999847,4.600000381,320,CWF-MX-001
2019-12-21T00:00:00.0000000,2019-12-21T19:00:28.4318819Z,1,2019-12-21T19:00:28.3820000Z,WeatherStation,7181D4C0,6808C366956E54A8,26.89999962,972.1433105,45.20000076,4.600000381,316,CWF-MX-001
2019-12-21T00:00:00.0000000,2019-12-21T19:00:58.7519938Z,1,2019-12-21T19:00:58.6350000Z,WeatherStation,7181D4C0,38C73A51B5002217,26.89999962,972.1342773,45.09999847,4.600000381,319,CWF-MX-001
2019-12-21T00:00:00.0000000,2019-12-21T19:01:28.9723236Z,1,2019-12-21T19:01:28.8890000Z,WeatherStation,7181D4C0,3158A70783F5A0D4,26.89999962,972.1035156,45.09999847,4.600000381,317,CWF-MX-001
2019-12-21T00:00:00.0000000,2019-12-21T19:01:59.2614983Z,1,2019-12-21T19:01:59.1470000Z,WeatherStation,7181D4C0,94771DC91FBA6489,26.89999962,972.0751953,45.09999847,4.600000381,318,CWF-MX-001
2019-12-21T00:00:00.0000000,2019-12-21T19:02:29.4605707Z,1,2019-12-21T19:02:29.4020000Z,WeatherStation,7181D4C0,6808C366956E54A8,26.89999962,972.1071777,45,4.600000381,316,CWF-MX-001
2019-12-21T00:00:00.0000000,2019-12-21T19:02:59.7488753Z,1,2019-12-21T19:02:59.6650000Z,WeatherStation,7181D4C0,94771DC91FBA6489,26.89999962,972.107666,45.09999847,4.600000381,318,CWF-MX-001
2019-12-21T00:00:00.0000000,2019-12-21T19:03:29.9827755Z,1,2019-12-21T19:03:29.9210000Z,WeatherStation,7181D4C0,3158A70783F5A0D4,26.89999962,972.0671387,45.20000076,4.600000381,317,CWF-MX-001
2019-12-21T00:00:00.0000000,2019-12-21T19:04:00.1931891Z,1,2019-12-21T19:04:00.1710000Z,WeatherStation,7181D4C0,95B2C798192D62D6,27,972.0244141,45.70000076,7.79999733,317,CWF-MX-001
2019-12-21T00:00:00.0000000,2019-12-21T19:04:30.5144415Z,1,2019-12-21T19:04:30.4270000Z,WeatherStation,7181D4C0,5B760B8005B8725E,27,972.0727539,45.29999924,7.79999733,318,CWF-MX-001
2019-12-21T00:00:00.0000000,2019-12-21T19:05:00.7175860Z,1,2019-12-21T19:05:00.6730000Z,WeatherStation,7181D4C0,511C17E36BBA50B2,26.89999962,971.9782715,44.70000076,7.79999733,317,CWF-MX-001
2019-12-21T00:00:00.0000000,2019-12-21T19:05:31.0375557Z,1,2019-12-21T19:05:30.9710000Z,WeatherStation,7181D4C0,5B760B8005B8725E,27,972.0229492,45.5,7.79999733,318,CWF-MX-001
2019-12-21T00:00:00.0000000,2019-12-21T19:06:01.2412751Z,1,2019-12-21T19:06:01.1830000Z,WeatherStation,7181D4C0,511C17E36BBA50B2,26.89999962,972.0012207,45.59999847,7.79999733,317,CWF-MX-001
2019-12-21T00:00:00.0000000,2019-12-21T19:06:31.5398107Z,1,2019-12-21T19:06:31.4360000Z,WeatherStation,7181D4C0,B3E6337A9ECD3468,26.89999962,972.0019531,45,7.79999733,319,CWF-MX-001
2019-12-21T00:00:00.0000000,2019-12-21T19:07:01.7289191Z,1,2019-12-21T19:07:01.6970000Z,WeatherStation,7181D4C0,E6893309D5C45BA6,26.89999962,971.9570313,45,7.79999733,315,CWF-MX-001
2019-12-21T00:00:00.0000000,2019-12-21T19:07:32.0484664Z,1,2019-12-21T19:07:31.9520000Z,WeatherStation,7181D4C0,F26F1F5A3C4E3F46,27,971.9516602,45.29999924,7.79999733,315,CWF-MX-001
2019-12-21T00:00:00.0000000,2019-12-21T19:08:02.2229429Z,1,2019-12-21T19:08:02.1980000Z,WeatherStation,7181D4C0,511C17E36BBA50B2,26.89999962,971.9799805,45.09999847,7.79999733,317,CWF-MX-001
2019-12-21T00:00:00.0000000,2019-12-21T19:08:32.5246030Z,1,2019-12-21T19:08:32.4500000Z,WeatherStation,7181D4C0,0424FDA7A47424B5,27,971.9743652,44.79999924,7.79999733,319,CWF-MX-001
2019-12-21T00:00:00.0000000,2019-12-21T19:09:02.8026703Z,1,2019-12-21T19:09:02.7100000Z,WeatherStation,7181D4C0,DC1A13FD78551991,27,971.9594727,45.09999847,9.599995613,318,CWF-MX-001
2019-12-21T00:00:00.0000000,2019-12-21T19:09:33.5452561Z,1,2019-12-21T19:09:33.4670000Z,WeatherStation,7181D4C0,A6B2F63F09BB4027,26.89999962,971.9560547,45.59999847,9.599995613,319,CWF-MX-001
2019-12-21T00:00:00.0000000,2019-12-21T19:10:03.7545220Z,1,2019-12-21T19:10:03.7330000Z,WeatherStation,7181D4C0,E6B69C6359D84146,27,971.9226074,45.09999847,9.599995613,321,CWF-MX-001
